name,price,stock
No Name,£ 169.00,in stock
The SUB Compact Birra Moretti Starter Pack,£ 161.00,in stock
Lagunitas IPA Value Case,£ 66.96,out of stock
Lagunitas Daytime Value Case,£ 54.96,out of stock
No Name,£ 199.00,out of stock
Tiger Value Case,£ 52.56,in stock
No Name,£ 129.00,in stock
No Name,£ 169.00,in stock
6 Apfel Räuber - BLADE Kegs,£ 197.94,in stock
6 Lagunitas IPA - BLADE Kegs,£ 239.94,in stock
The SUB Compact Mixed Starter Pack,£ 163.96,out of stock
Lagunitas A Little Sumpin Sumpin Value Case,£ 69.36,out of stock
6 Tiger - BLADE Kegs,£ 185.94,in stock
The SUB Compact Party Starter Pack,£ 200.92,in stock
BLADE Heineken Starter Pack,£ 655.97,in stock
BLADE Tiger Starter Pack,£ 643.97,in stock
Sol Value Case,£ 42.96,in stock
Murphy's Irish Stout Value Case,£ 59.76,out of stock
3 Tiger + 3 Birra Moretti - BLADE Kegs,£ 185.94,in stock
BLADE Heineken 0.0 Starter Pack,£ 643.97,in stock
BLADE Birra Moretti Starter Pack,£ 662.29,in stock
2 Heineken + 2 Tiger + 2 Birra Moretti - BLADE Kegs,£ 179.94,in stock
No Name,£ 169.00,in stock
The SUB Compact Party Starter Pack,£ 196.92,in stock
3 Heineken + 3 Tiger - BLADE Kegs,£ 176.94,in stock
3 Heineken + 3 Birra Moretti - BLADE Kegs,£ 176.94,in stock
6 Heineken - BLADE Kegs,£ 167.94,in stock
The SUB Compact Heineken Starter Pack ,£ 161.00,in stock
2 Zipfer Urtyp + 2 Puntigamer + 2 Gösser Märzen - BLADE Kegs,£ 191.94,out of stock
Lagunitas 12th of Never Ale Value Case,£ 54.96,out of stock
Affligem Blond Value Case,£ 45.36,out of stock
6 Amstel - BLADE Kegs,£ 179.94,in stock
6 Heineken 0.0 - BLADE Kegs,£ 113.94,in stock
6 Birra Moretti - BLADE Kegs,£ 185.94,in stock
