title,price,availablity
Palm Quest Buoyancy Aid,£50.00,Some Colours/Sizes In Stock
Yak Kallista PFD,From £44.00,Some Colours/Sizes In Stock
TNP Asymmetric 2 Piece Paddle,£49.98,Some Colours/Sizes In Stock
C-Tug Canoe & Kayak Trolley,£114.49,In Stock
Wave Sport Scooter Sit on Top Kayak - Whiteout,£510.00,Some Colours/Sizes In Stock
Islander Calypso Sport Sit on Top Kayak,£529.00,Call Us For A Leadtime
Grey Owl Scout Canoe Paddle,£64.94,Some Colours/Sizes In Stock
Grey Owl Voyageur Canoe Paddle,£89.94,Some Colours/Sizes In Stock
Palm Meander Buoyancy Aid - Women's Fit,£79.99,Some Colours/Sizes In Stock
TNP Canoe Paddle,£34.98,Some Colours/Sizes In Stock
Palm FX Buoyancy Aid,£115.00,Some Colours/Sizes In Stock
Yak Xipe PFD,£91.00,Some Colours/Sizes In Stock
Peak UK Explorer Zip PFD,£135.00,Some Colours/Sizes In Stock
Pyranha SurfJet 2.0,£399.00,Some Colours/Sizes In Stock
Palm Hydro Buoyancy Aid,£94.99,Some Colours/Sizes In Stock
Palm Vector Recreational Cag,£90.00,Some Colours/Sizes In Stock
Yak Chinook Dry Trousers,£106.99,Some Colours/Sizes In Stock
Palm Classic Drybag,From £16.00,Some Colours/Sizes In Stock
Grey Owl Owlet Canoe Paddle,£39.95,In Stock
Palm Meander Buoyancy Aid - 2021,From £79.99,Some Colours/Sizes In Stock
Dagger Katana Kayak - Action Spec,£778.99,Some Colours/Sizes In Stock
Palm Quest Buoyancy Aid - Kids,£46.00,Contact Us
NRS Paddle Wetshoe Fleece Lined Neoprene Boot,£54.95,Some Colours/Sizes In Stock
Dryrobe Camo Long Sleeved Changing Robe,£150.00,Some Colours/Sizes In Stock
